{"stats":{"minecraft:custom":{"minecraft:interact_with_crafting_table":51,"minecraft:open_barrel":83,"minecraft:leave_game":4,"minecraft:time_since_death":19883,"minecraft:sprint_one_cm":318237,"minecraft:damage_blocked_by_shield":328,"minecraft:drop":63,"minecraft:talked_to_villager":3,"minecraft:play_time":277992,"minecraft:deaths":24,"minecraft:jump":1771,"minecraft:interact_with_brewingstand":1,"minecraft:walk_on_water_one_cm":35200,"minecraft:interact_with_furnace":43,"minecraft:interact_with_cartography_table":1,"minecraft:damage_dealt":35809,"minecraft:crouch_one_cm":68015,"minecraft:interact_with_smoker":9,"minecraft:inspect_dispenser":2,"minecraft:mob_kills":215,"minecraft:interact_with_campfire":59,"minecraft:climb_one_cm":9157,"minecraft:walk_one_cm":801757,"minecraft:sneak_time":25841,"minecraft:walk_under_water_one_cm":20402,"minecraft:boat_one_cm":41658,"minecraft:interact_with_blast_furnace":8,"minecraft:total_world_time":277992,"minecraft:tune_noteblock":1,"minecraft:time_since_rest":19915,"minecraft:damage_taken":8291,"minecraft:swim_one_cm":17044,"minecraft:fly_one_cm":305069,"minecraft:open_chest":159,"minecraft:fall_one_cm":31995},"minecraft:killed":{"humancompanions:arbalist":1,"betteranimalsplus:squirrel":1,"alexsmobs:kangaroo":1,"minecraft:sheep":1,"kevin_trophy:blister_zombie":8,"minecraft:pillager":1,"minecraft:zombie":180,"betteranimalsplus:songbird":1,"minecraft:drowned":1,"kevin_trophy:crawler_zombie":4,"alexsmobs:gazelle":1,"mutantmonsters:mutant_zombie":4},"minecraft:used":{"vtaw_mw:iron_katana":247,"minecraft:writable_book":1,"minecraft:poppy":1,"minecraft:chest":11,"minecraft:iron_sword":3,"minecraft:rotten_flesh":2,"minecraft:lantern":2,"minecraft:dark_oak_wood":1,"mutantmonsters:hulk_hammer":143,"minecraft:furnace":9,"projectarsenal:m249":74,"minecraft:potato":36,"dynamictrees:spruce_seed":2,"minecraft:diorite":1,"minecraft:stone_pickaxe":380,"minecraft:oak_planks":31,"minecraft:wooden_pickaxe":5,"vtaw_mw:wooden_katana":58,"minecraft:blast_furnace":3,"stabxmodernguns:bruen_mk9":343,"minecraft:dark_oak_log":3,"minecraft:bread":26,"minecraft:cyan_carpet":1,"dynamictrees:acacia_seed":1,"minecraft:wooden_sword":59,"minecraft:andesite":8,"minecraft:air":1,"minecraft:flint_and_steel":3,"minecraft:stone_shovel":131,"dynamictrees:oak_seed":12,"minecraft:stone_hoe":31,"minecraft:torch":20,"minecraft:dirt":42,"minecraft:wooden_axe":37,"minecraft:iron_axe":36,"twm:wooden_mace":198,"minecraft:barrel":9,"twigs:tangerine_seashell":1,"minecraft:acacia_planks":3,"minecraft:iron_leggings":1,"minecraft:water_bucket":5,"minecraft:glass_bottle":10,"minecraft:baked_potato":13,"magistuarmory:iron_zweihander":7,"betteranimalsplus:pheasant_egg":1,"minecraft:oak_slab":2,"minecraft:crafting_table":6,"minecraft:campfire":1,"minecraft:smoker":3,"minecraft:cornflower":1,"minecraft:apple":5,"minecraft:iron_pickaxe":183,"minecraft:stone_axe":24,"twigs:twig":1,"apexguns:spitfire":11,"minecraft:cobblestone":138,"minecraft:potion":45,"twigs:opaline_seashell":1,"minecraft:bucket":6,"magistuarmory:iron_rondache":5,"minecraft:sea_pickle":5,"twigs:pebble":3,"alexsmobs:emu_egg":1},"minecraft:crafted":{"minecraft:smooth_stone":6,"minecraft:oak_planks":184,"minecraft:stone":6,"magistuarmory:iron_shortsword":1,"minecraft:iron_boots":1,"minecraft:chest":7,"minecraft:stone_hoe":1,"minecraft:smoker":2,"minecraft:oak_slab":6,"minecraft:crafting_table":4,"vtaw_mw:wooden_katana":1,"minecraft:wooden_pickaxe":3,"minecraft:baked_potato":71,"minecraft:iron_helmet":2,"magistuarmory:iron_zweihander":1,"magistuarmory:wood_roundshield":1,"minecraft:campfire":1,"minecraft:iron_chestplate":3,"magistuarmory:iron_rondache":1,"minecraft:stick":184,"minecraft:iron_ingot":239,"minecraft:iron_pickaxe":1,"magistuarmory:leather_strip":6,"minecraft:stone_shovel":1,"minecraft:iron_nugget":9,"minecraft:blast_furnace":2,"minecraft:furnace":7,"minecraft:flint_and_steel":1,"magistuarmory:hilt":2,"minecraft:leather":1,"minecraft:iron_axe":1,"magistuarmory:steel_ingot":6,"minecraft:stone_pickaxe":3,"twm:wooden_mace":1,"minecraft:wheat":63,"minecraft:bucket":2,"minecraft:stone_axe":1,"minecraft:bread":12,"minecraft:air":0,"minecraft:cobblestone":1,"vtaw_mw:iron_katana":1,"mutantmonsters:hulk_hammer":1,"minecraft:iron_shovel":2,"minecraft:iron_leggings":1,"minecraft:acacia_planks":16,"minecraft:torch":24},"minecraft:picked_up":{"minecraft:wooden_axe":7,"minecraft:iron_chestplate":11,"minecraft:lead":2,"minecraft:potion":540,"minecraft:amethyst_block":3,"minecraft:string":53,"minecraft:raw_copper":33,"magistuarmory:iron_zweihander":1,"graveyard:sarcophagus":1,"minecraft:iron_leggings":4,"minecraft:sea_pickle":8,"minecraft:cobbled_deepslate":4,"minecraft:bucket":3,"twigs:pebble":30,"dynamictrees:oak_seed":43,"minecraft:iron_pickaxe":12,"minecraft:enchanted_golden_apple":1,"minecraft:iron_boots":5,"minecraft:furnace":15,"minecraft:stick":494,"minecraft:torch":191,"minecraft:acacia_log":4,"minecraft:diorite":6,"mutantmonsters:hulk_hammer":31,"minecraft:rotten_flesh":690,"farmersdelight:rope":6,"stabxmodernguns:7.62x51mm_nato":692,"alexsmobs:emu_egg":5,"minecraft:mangrove_roots":2,"twigs:tangerine_seashell":1,"minecraft:cobblestone":464,"minecraft:leather_chestplate":1,"minecraft:feather":3,"minecraft:water_bucket":1,"minecraft:andesite":80,"minecraft:smoker":1,"minecraft:potato":120,"minecraft:flint":3,"jeg:scrap":13,"minecraft:wither_skeleton_skull":2,"minecraft:dirt":104,"minecraft:lapis_lazuli":174,"minecraft:lantern":3,"betteranimalsplus:pheasant_egg":2,"minecraft:leather_boots":4,"minecraft:bone":186,"minecraft:acacia_planks":3,"minecraft:wheat_seeds":1,"minecraft:orange_tulip":2,"minecraft:raw_gold":53,"minecraft:cobbled_deepslate_slab":4,"twm:wooden_mace":2,"vtaw_mw:wooden_katana":1,"minecraft:powered_rail":20,"twigs:twig":192,"minecraft:oak_planks":301,"minecraft:poisonous_potato":1,"minecraft:sand":6,"dynamictrees:acacia_seed":4,"minecraft:fermented_spider_eye":15,"spelunkers_charm:marine_rock":7,"minecraft:dark_oak_log":3,"minecraft:barrel":9,"magistuarmory:iron_rondache":3,"alexsmobs:kangaroo_hide":8,"minecraft:diamond":8,"minecraft:writable_book":2,"minecraft:bone_meal":5,"minecraft:golden_apple":5,"minecraft:spruce_sign":1,"minecraft:bread":130,"minecraft:emerald":20,"minecraft:oak_sapling":25,"twigs:rhyolite":10,"minecraft:charcoal":18,"sophisticatedbackpacks:gold_backpack":1,"minecraft:mud":1,"minecraft:crafting_table":4,"minecraft:leather_leggings":1,"graveyard:dark_iron_ingot":1,"dynamictrees:spruce_seed":2,"minecraft:wooden_pickaxe":2,"minecraft:cornflower":1,"minecraft:iron_axe":7,"minecraft:wooden_sword":2,"minecraft:flint_and_steel":8,"minecraft:iron_shovel":6,"twigs:opaline_seashell":1,"minecraft:cyan_carpet":1,"minecraft:oak_boat":2,"minecraft:iron_nugget":37,"minecraft:poppy":2,"minecraft:sugar_cane":23,"minecraft:chest":5,"minecraft:phantom_membrane":13,"minecraft:raw_iron":443,"minecraft:polished_deepslate_slab":6,"minecraft:copper_ingot":77,"minecraft:redstone":576,"vtaw_mw:iron_katana":10,"minecraft:stone_shovel":4,"minecraft:beetroot_seeds":8,"k_turrets:raw_titanium":9,"minecraft:hay_block":11,"minecraft:gold_ingot":4,"minecraft:mutton":1,"minecraft:rail":75,"alexsmobs:kangaroo_meat":14,"minecraft:white_wool":5,"stabxmodernguns:5.56x45_nato":123,"minecraft:leather":28,"minecraft:birch_planks":1,"minecraft:oak_log":130,"minecraft:gunpowder":252,"minecraft:blue_bed":6,"minecraft:white_banner":1,"minecraft:apple":10,"minecraft:stone_pickaxe":5,"minecraft:iron_ingot":149,"dynamictrees:birch_seed":14,"minecraft:cobweb":53,"minecraft:glass_bottle":107,"jeg:tech_trash":1,"minecraft:iron_sword":1,"minecraft:book":4,"minecraft:oak_slab":3,"minecraft:smooth_basalt":4,"minecraft:pumpkin":20,"minecraft:quartz":4,"minecraft:gravel":24,"minecraft:blast_furnace":1,"stabxmodernguns:bruen_mk9":3,"minecraft:spider_eye":30,"minecraft:leather_helmet":5,"minecraft:pumpkin_seeds":9,"minecraft:slime_ball":9,"minecraft:stone_axe":4,"minecraft:iron_helmet":6,"minecraft:baked_potato":147,"minecraft:melon_seeds":3,"minecraft:dark_oak_wood":1,"minecraft:coal":275,"minecraft:ender_pearl":24},"minecraft:killed_by":{"mutantmonsters:mutant_zombie":6,"minecraft:pillager":1,"minecraft:drowned":1,"minecraft:zombie":6,"minecraft:player":7},"minecraft:dropped":{"minecraft:baked_potato":28,"minecraft:glass_bottle":10,"alexsmobs:kangaroo_meat":4,"minecraft:leather_helmet":1,"minecraft:writable_book":3,"minecraft:bone_meal":5,"minecraft:phantom_membrane":2,"minecraft:fermented_spider_eye":3,"twigs:twig":17,"minecraft:stone_axe":2,"mutantmonsters:hulk_hammer":5,"magistuarmory:iron_zweihander":1,"graveyard:dark_iron_ingot":1,"minecraft:oak_planks":32,"minecraft:poppy":1,"minecraft:leather_boots":1,"minecraft:quartz":1,"minecraft:iron_ingot":6,"minecraft:cobblestone":136,"minecraft:amethyst_block":3,"minecraft:coal":128,"minecraft:stick":104,"minecraft:diorite":1,"minecraft:torch":130,"minecraft:potion":22,"minecraft:iron_shovel":1,"minecraft:string":4,"minecraft:smooth_basalt":4,"minecraft:furnace":2,"minecraft:potato":1,"minecraft:hay_block":1,"minecraft:oak_sapling":1,"minecraft:spider_eye":4,"minecraft:stone_pickaxe":2,"minecraft:wooden_pickaxe":2},"minecraft:broken":{"vtaw_mw:wooden_katana":1,"twm:wooden_mace":1,"minecraft:stone_pickaxe":2,"minecraft:wooden_sword":1,"vtaw_mw:iron_katana":1,"minecraft:stone_shovel":1},"minecraft:mined":{"minecraft:farmland":1,"minecraft:brewing_stand":1,"minecraft:granite":1,"minecraft:deepslate_tile_wall":1,"minecraft:grass_block":54,"twigs:twig":1,"minecraft:deepslate_bricks":2,"spelunkers_charm:marine_diamond_ore":1,"minecraft:iron_ore":118,"minecraft:cobbled_deepslate":2,"minecraft:barrel":10,"minecraft:pumpkin":7,"minecraft:polished_deepslate_slab":12,"minecraft:quartz_slab":1,"minecraft:smoker":1,"minecraft:soul_fire":1,"minecraft:dark_oak_wood":1,"minecraft:blast_furnace":1,"minecraft:chest":5,"minecraft:dead_bush":6,"minecraft:cobblestone":21,"graveyard:lying_skeleton":1,"minecraft:sugar_cane":14,"minecraft:oak_planks":15,"minecraft:wall_torch":8,"minecraft:seagrass":1,"spelunkers_charm:marine_gold_ore":3,"minecraft:mud":1,"dynamictrees:birch_leaves":24,"minecraft:wither_rose":5,"minecraft:grass":11,"minecraft:oak_log":6,"minecraft:sand":6,"minecraft:dirt":60,"twigs:rhyolite":2,"minecraft:wither_skeleton_skull":1,"minecraft:oak_leaves":6,"minecraft:deepslate":4,"minecraft:deepslate_tiles":1,"minecraft:dark_oak_log":3,"minecraft:mangrove_roots":2,"minecraft:cobbled_deepslate_slab":16,"spelunkers_charm:marine_iron_ore":1,"minecraft:spruce_leaves":1,"minecraft:moss_block":1,"minecraft:large_fern":1,"minecraft:hay_block":7,"dynamictrees:oak_leaves":12,"minecraft:redstone_ore":21,"minecraft:furnace":7,"minecraft:andesite":20,"minecraft:chiseled_deepslate":1,"minecraft:potatoes":26,"minecraft:deepslate_iron_ore":19,"minecraft:lantern":1,"minecraft:stone":222,"twigs:opaline_seashell":1,"twigs:pebble":3,"jeg:scrap_ore":6,"spelunkers_charm:marine_rock":7,"minecraft:crafting_table":3,"minecraft:campfire":3,"minecraft:tall_grass":2,"minecraft:copper_ore":10,"minecraft:lapis_ore":5,"minecraft:diorite":6,"minecraft:blue_bed":2,"graveyard:vase_block":1,"minecraft:sea_pickle":4,"twigs:tangerine_seashell":1,"k_turrets:titanium_ore":8,"minecraft:coal_ore":13,"minecraft:gravel":27,"minecraft:cyan_carpet":3,"graveyard:leaning_skeleton":1,"minecraft:cobweb":4,"minecraft:gold_ore":15}},"DataVersion":3120}