{"stats":{"minecraft:picked_up":{"minecraft:charcoal":6,"minecraft:crafting_table":8,"minecraft:mud":7,"minecraft:iron_chestplate":3,"minecraft:wheat":20,"minecraft:allium":2,"minecraft:azure_bluet":3,"minecraft:chicken":3,"minecraft:clay_ball":68,"minecraft:flower_pot":2,"minecraft:prismarine_shard":1,"minecraft:enchanted_book":4,"minecraft:potion":109,"minecraft:string":16,"minecraft:raw_copper":94,"minecraft:iron_axe":1,"minecraft:iron_leggings":2,"minecraft:sea_pickle":4,"minecraft:activator_rail":8,"mcwfences:oak_highley_gate":2,"darkerdepths:dry_sprouts":2,"minecraft:detector_rail":6,"minecraft:cobbled_deepslate":16,"farmersdelight:cabbage":11,"twigs:pebble":13,"minecraft:beef":20,"minecraft:white_tulip":17,"farmersdelight:straw":12,"minecraft:rose_bush":5,"magistuarmory:knight_leggings":1,"minecraft:iron_nugget":6,"dynamictrees:oak_seed":30,"minecraft:iron_pickaxe":4,"magistuarmory:knight_boots":1,"minecraft:sugar_cane":76,"minecraft:chest":6,"farmersdelight:cabbage_seeds":32,"minecraft:egg":5,"minecraft:phantom_membrane":7,"minecraft:furnace":5,"minecraft:iron_boots":2,"cfm:stripped_oak_upgraded_fence":7,"minecraft:stick":195,"minecraft:raw_iron":155,"minecraft:stone":5,"alexsmobs:cockroach_ootheca":1,"minecraft:copper_ingot":2,"minecraft:torch":64,"sophisticatedbackpacks:backpack":6,"farmersdelight:tomato_seeds":1,"minecraft:diorite":3,"minecraft:carrot":25,"minecraft:redstone":14,"minecraft:stone_sword":2,"minecraft:rotten_flesh":330,"minecraft:peony":3,"k_turrets:raw_titanium":8,"minecraft:hay_block":9,"minecraft:red_tulip":22,"farmersdelight:rope":24,"minecraft:gold_ingot":10,"vtaw_mw:iron_glaive":2,"minecraft:cod":1,"minecraft:rail":5,"minecraft:cobblestone":135,"minecraft:oxeye_daisy":4,"minecraft:stripped_oak_log":14,"minecraft:birch_log":28,"cfm:stripped_oak_upgraded_gate":4,"minecraft:lilac":4,"minecraft:feather":6,"farmersdelight:rice":10,"minecraft:water_bucket":4,"minecraft:andesite":6,"minecraft:leather":14,"magistuarmory:armet":1,"minecraft:potato":69,"minecraft:birch_planks":28,"minecraft:flint":2,"minecraft:oak_log":56,"jeg:scrap":3,"minecraft:gunpowder":41,"farmersdelight:tomato":2,"minecraft:dirt":83,"minecraft:lapis_lazuli":39,"minecraft:stripped_birch_log":15,"minecraft:lantern":2,"minecraft:white_banner":1,"minecraft:name_tag":4,"minecraft:bone":89,"vtaw_mw:iron_handaxe":1,"farmersdelight:iron_knife":1,"minecraft:apple":1,"minecraft:wheat_seeds":34,"minecraft:orange_tulip":27,"minecraft:raw_gold":4,"minecraft:iron_ingot":62,"minecraft:stone_pickaxe":2,"dynamictrees:birch_seed":24,"minecraft:glass_bottle":22,"cfm:stripped_birch_upgraded_fence":1,"twigs:twig":112,"minecraft:oak_planks":84,"minecraft:iron_sword":1,"jeg:tech_trash":1,"minecraft:oak_slab":2,"vtaw_mw:wooden_rod":9,"minecraft:quartz":3,"minecraft:poisonous_potato":1,"magistuarmory:knight_chestplate":1,"minecraft:gravel":12,"minecraft:sand":6,"cold_sweat:waterskin":4,"sophisticatedbackpacks:iron_backpack":1,"minecraft:blast_furnace":3,"minecraft:fermented_spider_eye":13,"minecraft:spider_eye":11,"minecraft:barrel":6,"minecraft:iron_hoe":2,"minecraft:light_gray_concrete":8,"minecraft:slime_ball":9,"minecraft:white_concrete_powder":64,"minecraft:stone_axe":2,"minecraft:iron_helmet":2,"minecraft:granite":3,"minecraft:golden_apple":1,"minecraft:spruce_sign":2,"minecraft:bread":87,"minecraft:oak_sapling":10,"minecraft:coal":135},"minecraft:killed":{"alexsmobs:raccoon":1,"minecraft:chicken":3,"betteranimalsplus:shark":2,"kevin_trophy:blister_zombie":1,"minecraft:pillager":1,"kevin_trophy:crawler_zombie":3,"minecraft:zombie":128,"minecraft:cow":3},"minecraft:crafted":{"minecraft:oak_planks":40,"minecraft:iron_nugget":9,"vtaw_mw:iron_handaxe":1,"magistuarmory:knight_boots":1,"cfm:stripped_birch_upgraded_gate":2,"minecraft:furnace":2,"minecraft:stone":5,"mcwfences:oak_highley_gate":1,"minecraft:bone_meal":66,"cfm:stripped_oak_upgraded_fence":36,"minecraft:glass":9,"minecraft:iron_boots":2,"magistuarmory:knight_leggings":1,"minecraft:iron_axe":2,"magistuarmory:steel_ingot":37,"minecraft:iron_hoe":1,"minecraft:stone_pickaxe":1,"minecraft:chest":6,"cold_sweat:waterskin":2,"magistuarmory:barbute":1,"cgm:workbench":1,"magistuarmory:steel_plate":24,"minecraft:wheat":81,"minecraft:cooked_beef":5,"minecraft:glass_bottle":9,"minecraft:oak_slab":6,"cfm:stripped_oak_upgraded_gate":2,"vtaw_mw:wooden_rod":4,"cfm:stripped_birch_upgraded_fence":24,"minecraft:crafting_table":2,"farmersdelight:iron_knife":1,"minecraft:wooden_pickaxe":1,"minecraft:iron_helmet":2,"minecraft:iron_sword":1,"magistuarmory:knight_chestplate":1,"minecraft:copper_ingot":128,"minecraft:bucket":3,"vtaw_mw:iron_glaive":1,"minecraft:stone_axe":1,"minecraft:air":0,"minecraft:bread":31,"magistuarmory:halfarmor_chestplate":1,"minecraft:oak_fence_gate":2,"minecraft:potion":59,"minecraft:iron_chestplate":2,"minecraft:cobblestone":2,"minecraft:stick":184,"vtaw_mw:iron_katana":1,"minecraft:iron_ingot":93,"minecraft:iron_pickaxe":3,"minecraft:stone_sword":1,"minecraft:iron_shovel":1,"minecraft:iron_leggings":2,"minecraft:light_gray_dye":11,"magistuarmory:armet":1,"minecraft:torch":44},"minecraft:broken":{"minecraft:wooden_pickaxe":1,"minecraft:stone_axe":1,"vtaw_mw:iron_glaive":1,"minecraft:iron_pickaxe":1},"minecraft:mined":{"mcwfences:oak_highley_gate":2,"cfm:stripped_oak_upgraded_fence":9,"minecraft:stripped_birch_log":4,"minecraft:granite":3,"minecraft:grass_block":48,"twigs:twig":3,"farmersdelight:tomatoes":1,"minecraft:hay_block":9,"minecraft:tall_seagrass":3,"minecraft:furnace":5,"minecraft:carrots":6,"farmersdelight:rice":6,"minecraft:iron_ore":81,"minecraft:barrel":7,"minecraft:cobbled_deepslate":3,"minecraft:andesite":2,"minecraft:deepslate_lapis_ore":5,"minecraft:peony":2,"minecraft:red_tulip":19,"minecraft:potatoes":20,"minecraft:deepslate_iron_ore":12,"minecraft:stripped_oak_log":14,"farmersdelight:rice_panicles":1,"minecraft:white_tulip":8,"minecraft:stone":117,"minecraft:potted_allium":1,"minecraft:deepslate_redstone_ore":3,"minecraft:oak_slab":2,"jeg:scrap_ore":2,"darkerdepths:dry_sprouts":2,"minecraft:clay":16,"minecraft:crafting_table":7,"minecraft:torch":9,"minecraft:blast_furnace":2,"cfm:stripped_birch_upgraded_fence":1,"minecraft:chest":6,"minecraft:rose_bush":3,"cfm:stripped_oak_upgraded_gate":2,"minecraft:campfire":3,"minecraft:copper_ore":24,"minecraft:tall_grass":2,"farmersdelight:cabbages":9,"minecraft:cobblestone":11,"minecraft:oak_planks":56,"minecraft:wall_torch":1,"minecraft:diorite":2,"minecraft:mud":5,"minecraft:sea_pickle":1,"minecraft:wheat":10,"minecraft:lilac":2,"minecraft:orange_tulip":28,"minecraft:grass":21,"minecraft:coal_ore":79,"minecraft:oak_log":6,"minecraft:sand":3,"minecraft:dirt":30,"minecraft:cobweb":1,"minecraft:gold_ore":4,"minecraft:oak_leaves":4,"minecraft:deepslate":6},"minecraft:killed_by":{"kevin_trophy:zombie_brute":1,"minecraft:drowned":1,"minecraft:zombie":3},"minecraft:dropped":{"minecraft:water_bucket":3,"minecraft:enchanted_book":1,"minecraft:bread":60,"minecraft:iron_sword":1,"minecraft:cooked_beef":4,"minecraft:lilac":4,"minecraft:glass_bottle":6,"vtaw_mw:wooden_rod":3,"cfm:stripped_oak_upgraded_fence":1,"minecraft:iron_helmet":2,"minecraft:cobblestone":7,"darkerdepths:dry_sprouts":1,"farmersdelight:rice":5,"twigs:pebble":3,"minecraft:oxeye_daisy":2,"minecraft:rose_bush":5,"minecraft:potion":35,"minecraft:iron_leggings":2,"minecraft:iron_pickaxe":1,"minecraft:iron_shovel":1,"minecraft:fermented_spider_eye":2,"twigs:twig":2,"minecraft:bone":2,"cold_sweat:waterskin":3,"dynamictrees:oak_seed":2,"minecraft:stone_sword":2,"minecraft:oak_planks":34,"minecraft:iron_boots":2,"minecraft:iron_hoe":1,"sophisticatedbackpacks:backpack":1,"farmersdelight:straw":2,"minecraft:peony":3,"minecraft:iron_chestplate":2,"minecraft:beef":3,"minecraft:stone_pickaxe":2,"minecraft:red_tulip":1,"vtaw_mw:iron_katana":1,"minecraft:white_concrete_powder":64},"minecraft:used":{"minecraft:stone_sword":67,"minecraft:iron_shovel":72,"farmersdelight:cabbage_seeds":27,"minecraft:chest":12,"cfm:stripped_birch_upgraded_fence":17,"farmersdelight:cabbage":2,"minecraft:iron_sword":19,"dynamictrees:oak_seed":11,"minecraft:torch":57,"minecraft:dirt":10,"cgm:workbench":1,"minecraft:carrot":8,"farmersdelight:rope":25,"minecraft:iron_hoe":64,"farmersdelight:tomato":1,"minecraft:iron_axe":35,"dynamictrees:birch_seed":8,"alexsmobs:cockroach_ootheca":1,"mcwfences:oak_highley_gate":2,"minecraft:barrel":6,"cfm:stripped_oak_upgraded_fence":38,"minecraft:oak_sapling":4,"minecraft:furnace":7,"vtaw_mw:iron_glaive":255,"minecraft:potato":37,"minecraft:cooked_beef":1,"farmersdelight:tomato_seeds":5,"minecraft:cobbled_deepslate":8,"minecraft:water_bucket":11,"farmersdelight:iron_knife":44,"minecraft:wheat_seeds":21,"darkerdepths:dry_sprouts":1,"minecraft:glass_bottle":11,"minecraft:stone_pickaxe":65,"minecraft:oak_planks":10,"minecraft:wooden_pickaxe":37,"minecraft:golden_apple":1,"vtaw_mw:iron_handaxe":175,"minecraft:oak_slab":2,"minecraft:sand":2,"minecraft:glow_berries":4,"minecraft:crafting_table":7,"minecraft:blast_furnace":3,"farmersdelight:rice":6,"minecraft:oak_log":14,"minecraft:apple":1,"minecraft:iron_pickaxe":292,"minecraft:bread":32,"cfm:stripped_birch_upgraded_gate":2,"minecraft:stone_axe":119,"minecraft:cobblestone":69,"minecraft:potion":37,"minecraft:bucket":14,"minecraft:birch_log":8,"minecraft:air":1,"cfm:stripped_oak_upgraded_gate":6,"minecraft:bone_meal":66},"minecraft:custom":{"minecraft:mob_kills":136,"minecraft:interact_with_crafting_table":72,"minecraft:open_barrel":44,"minecraft:leave_game":5,"minecraft:time_since_death":14652,"minecraft:climb_one_cm":13546,"minecraft:sprint_one_cm":358777,"minecraft:walk_one_cm":609603,"minecraft:drop":58,"minecraft:play_time":240274,"minecraft:deaths":5,"minecraft:sneak_time":14747,"minecraft:walk_under_water_one_cm":19479,"minecraft:jump":1650,"minecraft:interact_with_blast_furnace":15,"minecraft:walk_on_water_one_cm":28276,"minecraft:total_world_time":240274,"minecraft:interact_with_furnace":83,"minecraft:time_since_rest":14773,"minecraft:damage_taken":2761,"minecraft:damage_dealt":22646,"minecraft:swim_one_cm":25414,"minecraft:fly_one_cm":214655,"minecraft:open_chest":106,"minecraft:crouch_one_cm":40597,"minecraft:fall_one_cm":30800,"minecraft:horse_one_cm":2379}},"DataVersion":3120}