{"stats":{"minecraft:picked_up":{"minecraft:crafting_table":7,"minecraft:charcoal":6,"minecraft:mud":7,"minecraft:iron_chestplate":3,"minecraft:wheat":9,"minecraft:allium":2,"minecraft:azure_bluet":2,"minecraft:chicken":3,"minecraft:flower_pot":2,"minecraft:potion":89,"minecraft:enchanted_book":4,"minecraft:string":11,"minecraft:raw_copper":94,"minecraft:iron_leggings":2,"minecraft:sea_pickle":4,"minecraft:activator_rail":8,"mcwfences:oak_highley_gate":2,"minecraft:cobbled_deepslate":16,"minecraft:detector_rail":6,"twigs:pebble":3,"minecraft:beef":20,"minecraft:white_tulip":17,"dynamictrees:oak_seed":30,"minecraft:iron_pickaxe":3,"minecraft:sugar_cane":76,"minecraft:chest":6,"cfm:stripped_oak_upgraded_fence":2,"minecraft:phantom_membrane":5,"farmersdelight:cabbage_seeds":9,"minecraft:furnace":5,"minecraft:iron_boots":2,"minecraft:egg":5,"minecraft:stick":78,"minecraft:raw_iron":155,"minecraft:stone":5,"alexsmobs:cockroach_ootheca":1,"minecraft:copper_ingot":2,"minecraft:torch":37,"sophisticatedbackpacks:backpack":4,"minecraft:diorite":3,"minecraft:carrot":1,"minecraft:redstone":14,"minecraft:stone_sword":2,"minecraft:rotten_flesh":235,"k_turrets:raw_titanium":8,"minecraft:hay_block":9,"minecraft:red_tulip":12,"farmersdelight:rope":24,"minecraft:gold_ingot":10,"vtaw_mw:iron_glaive":2,"minecraft:cod":1,"minecraft:rail":5,"minecraft:cobblestone":132,"minecraft:oxeye_daisy":4,"minecraft:birch_log":28,"minecraft:stripped_oak_log":14,"cfm:stripped_oak_upgraded_gate":2,"minecraft:feather":6,"farmersdelight:rice":10,"minecraft:water_bucket":2,"minecraft:andesite":6,"minecraft:leather":14,"minecraft:potato":1,"minecraft:birch_planks":28,"minecraft:oak_log":56,"jeg:scrap":3,"minecraft:gunpowder":29,"minecraft:lapis_lazuli":39,"minecraft:stripped_birch_log":15,"minecraft:dirt":83,"minecraft:lantern":2,"minecraft:white_banner":1,"minecraft:name_tag":4,"minecraft:bone":72,"minecraft:apple":1,"minecraft:wheat_seeds":1,"minecraft:orange_tulip":27,"minecraft:raw_gold":4,"minecraft:iron_ingot":61,"dynamictrees:birch_seed":24,"minecraft:stone_pickaxe":2,"minecraft:glass_bottle":15,"cfm:stripped_birch_upgraded_fence":1,"twigs:twig":110,"minecraft:iron_sword":1,"minecraft:oak_planks":84,"jeg:tech_trash":1,"minecraft:oak_slab":2,"vtaw_mw:wooden_rod":9,"minecraft:quartz":2,"minecraft:sand":6,"cold_sweat:waterskin":4,"sophisticatedbackpacks:iron_backpack":1,"minecraft:blast_furnace":3,"minecraft:fermented_spider_eye":13,"minecraft:spider_eye":10,"minecraft:barrel":6,"minecraft:slime_ball":5,"minecraft:stone_axe":2,"minecraft:iron_helmet":2,"minecraft:granite":3,"minecraft:golden_apple":1,"minecraft:spruce_sign":2,"minecraft:bread":84,"minecraft:oak_sapling":10,"minecraft:coal":122},"minecraft:killed":{"minecraft:chicken":3,"betteranimalsplus:shark":1,"kevin_trophy:blister_zombie":1,"minecraft:pillager":1,"kevin_trophy:crawler_zombie":2,"minecraft:zombie":55,"minecraft:cow":3},"minecraft:crafted":{"minecraft:oak_planks":40,"vtaw_mw:iron_handaxe":1,"cfm:stripped_birch_upgraded_gate":2,"minecraft:furnace":2,"minecraft:stone":5,"mcwfences:oak_highley_gate":1,"cfm:stripped_oak_upgraded_fence":36,"minecraft:glass":9,"minecraft:iron_boots":2,"minecraft:iron_axe":2,"magistuarmory:steel_ingot":37,"minecraft:iron_hoe":1,"minecraft:stone_pickaxe":1,"minecraft:chest":4,"cold_sweat:waterskin":2,"magistuarmory:steel_plate":4,"minecraft:wheat":81,"minecraft:cooked_beef":5,"minecraft:glass_bottle":9,"minecraft:oak_slab":6,"cfm:stripped_oak_upgraded_gate":2,"vtaw_mw:wooden_rod":4,"cfm:stripped_birch_upgraded_fence":24,"minecraft:crafting_table":2,"minecraft:iron_helmet":2,"minecraft:wooden_pickaxe":1,"minecraft:bucket":3,"vtaw_mw:iron_glaive":1,"minecraft:stone_axe":1,"minecraft:air":0,"minecraft:bread":28,"minecraft:oak_fence_gate":2,"minecraft:potion":59,"minecraft:iron_chestplate":2,"minecraft:stick":184,"minecraft:iron_ingot":93,"minecraft:iron_pickaxe":3,"minecraft:stone_sword":1,"minecraft:iron_shovel":1,"minecraft:iron_leggings":2,"minecraft:torch":44},"minecraft:broken":{"minecraft:wooden_pickaxe":1,"minecraft:stone_axe":1,"minecraft:iron_pickaxe":1},"minecraft:mined":{"mcwfences:oak_highley_gate":2,"cfm:stripped_oak_upgraded_fence":2,"minecraft:stripped_birch_log":4,"minecraft:granite":3,"minecraft:grass_block":48,"twigs:twig":2,"minecraft:hay_block":9,"minecraft:tall_seagrass":3,"minecraft:furnace":5,"farmersdelight:rice":6,"minecraft:iron_ore":81,"minecraft:barrel":7,"minecraft:cobbled_deepslate":3,"minecraft:andesite":2,"minecraft:deepslate_lapis_ore":5,"minecraft:red_tulip":12,"minecraft:deepslate_iron_ore":12,"minecraft:stripped_oak_log":14,"farmersdelight:rice_panicles":1,"minecraft:stone":117,"minecraft:white_tulip":8,"minecraft:potted_allium":1,"minecraft:deepslate_redstone_ore":3,"minecraft:oak_slab":2,"jeg:scrap_ore":2,"minecraft:crafting_table":7,"minecraft:torch":6,"minecraft:blast_furnace":2,"cfm:stripped_birch_upgraded_fence":1,"minecraft:chest":6,"cfm:stripped_oak_upgraded_gate":2,"minecraft:campfire":3,"minecraft:copper_ore":24,"minecraft:cobblestone":6,"minecraft:oak_planks":56,"minecraft:diorite":2,"minecraft:mud":5,"minecraft:sea_pickle":1,"minecraft:orange_tulip":28,"minecraft:grass":4,"minecraft:coal_ore":79,"minecraft:oak_log":6,"minecraft:sand":3,"minecraft:dirt":30,"minecraft:cobweb":1,"minecraft:gold_ore":4,"minecraft:oak_leaves":4,"minecraft:deepslate":6},"minecraft:killed_by":{"kevin_trophy:zombie_brute":1,"minecraft:drowned":1,"minecraft:zombie":2},"minecraft:dropped":{"minecraft:enchanted_book":1,"minecraft:water_bucket":3,"minecraft:bread":57,"minecraft:cooked_beef":4,"minecraft:glass_bottle":2,"vtaw_mw:wooden_rod":3,"minecraft:iron_helmet":1,"minecraft:cobblestone":7,"farmersdelight:rice":5,"twigs:pebble":3,"minecraft:oxeye_daisy":2,"minecraft:potion":35,"minecraft:iron_leggings":1,"minecraft:iron_pickaxe":1,"minecraft:fermented_spider_eye":2,"twigs:twig":2,"minecraft:bone":2,"cold_sweat:waterskin":3,"dynamictrees:oak_seed":2,"minecraft:stone_sword":2,"minecraft:oak_planks":34,"minecraft:iron_boots":1,"minecraft:iron_hoe":1,"minecraft:iron_chestplate":1,"minecraft:beef":3,"minecraft:stone_pickaxe":2},"minecraft:used":{"minecraft:stone_sword":67,"minecraft:iron_shovel":72,"farmersdelight:cabbage_seeds":13,"minecraft:chest":10,"cfm:stripped_birch_upgraded_fence":17,"minecraft:iron_sword":19,"dynamictrees:oak_seed":11,"minecraft:torch":32,"minecraft:dirt":10,"minecraft:carrot":1,"minecraft:iron_hoe":57,"minecraft:iron_axe":29,"dynamictrees:birch_seed":8,"alexsmobs:cockroach_ootheca":1,"mcwfences:oak_highley_gate":2,"minecraft:barrel":6,"cfm:stripped_oak_upgraded_fence":32,"minecraft:oak_sapling":4,"minecraft:furnace":7,"minecraft:potato":2,"minecraft:cooked_beef":1,"farmersdelight:tomato_seeds":3,"minecraft:cobbled_deepslate":8,"vtaw_mw:iron_glaive":186,"minecraft:wheat_seeds":7,"minecraft:water_bucket":11,"minecraft:glass_bottle":11,"minecraft:stone_pickaxe":65,"minecraft:oak_planks":10,"minecraft:wooden_pickaxe":37,"minecraft:golden_apple":1,"minecraft:glow_berries":4,"minecraft:sand":2,"minecraft:oak_slab":2,"minecraft:crafting_table":7,"minecraft:blast_furnace":3,"farmersdelight:rice":6,"minecraft:oak_log":14,"minecraft:apple":1,"minecraft:bread":20,"minecraft:iron_pickaxe":285,"cfm:stripped_birch_upgraded_gate":2,"minecraft:stone_axe":119,"minecraft:cobblestone":69,"minecraft:potion":24,"minecraft:bucket":14,"minecraft:birch_log":8,"minecraft:air":1,"cfm:stripped_oak_upgraded_gate":4},"minecraft:custom":{"minecraft:mob_kills":62,"minecraft:interact_with_crafting_table":53,"minecraft:open_barrel":17,"minecraft:leave_game":3,"minecraft:time_since_death":70308,"minecraft:sprint_one_cm":263590,"minecraft:walk_one_cm":480889,"minecraft:drop":37,"minecraft:play_time":182041,"minecraft:deaths":4,"minecraft:sneak_time":8772,"minecraft:walk_under_water_one_cm":16278,"minecraft:jump":1408,"minecraft:interact_with_blast_furnace":12,"minecraft:walk_on_water_one_cm":22327,"minecraft:total_world_time":182041,"minecraft:interact_with_furnace":80,"minecraft:time_since_rest":70341,"minecraft:damage_taken":2009,"minecraft:damage_dealt":11609,"minecraft:swim_one_cm":17625,"minecraft:fly_one_cm":168803,"minecraft:open_chest":55,"minecraft:crouch_one_cm":24504,"minecraft:fall_one_cm":27127,"minecraft:horse_one_cm":2379}},"DataVersion":3120}