{"stats":{"minecraft:broken":{"minecraft:wooden_sword":1,"vtaw_mw:wooden_katana":1},"minecraft:killed":{"minecraft:zombie":22,"betteranimalsplus:songbird":1,"minecraft:drowned":1},"minecraft:dropped":{"mutantmonsters:hulk_hammer":1},"minecraft:custom":{"minecraft:mob_kills":28,"minecraft:interact_with_crafting_table":11,"minecraft:open_barrel":10,"minecraft:leave_game":3,"minecraft:time_since_death":3236,"minecraft:climb_one_cm":206,"minecraft:time_since_rest":3270,"minecraft:sprint_one_cm":110180,"minecraft:damage_taken":2858,"minecraft:walk_one_cm":105728,"minecraft:drop":1,"minecraft:damage_dealt":5571,"minecraft:swim_one_cm":13993,"minecraft:fly_one_cm":86929,"minecraft:open_chest":15,"minecraft:crouch_one_cm":8238,"minecraft:play_time":49532,"minecraft:deaths":10,"minecraft:sneak_time":6531,"minecraft:walk_under_water_one_cm":11636,"minecraft:boat_one_cm":41658,"minecraft:jump":451,"minecraft:walk_on_water_one_cm":14154,"minecraft:total_world_time":49532,"minecraft:fall_one_cm":14186},"minecraft:killed_by":{"minecraft:player":4,"minecraft:zombie":2,"minecraft:drowned":1},"minecraft:used":{"minecraft:oak_planks":15,"minecraft:rotten_flesh":2,"vtaw_mw:wooden_katana":58,"minecraft:crafting_table":3,"minecraft:campfire":1,"minecraft:wooden_axe":37,"minecraft:apple":2,"minecraft:lantern":1,"minecraft:bread":1,"dynamictrees:acacia_seed":1,"minecraft:barrel":5,"twigs:tangerine_seashell":1,"apexguns:spitfire":11,"minecraft:wooden_sword":59,"minecraft:potion":4,"mutantmonsters:hulk_hammer":15,"projectarsenal:m249":2,"twigs:opaline_seashell":1,"minecraft:sea_pickle":2,"minecraft:acacia_planks":3},"minecraft:picked_up":{"minecraft:wooden_axe":7,"minecraft:charcoal":11,"minecraft:feather":3,"minecraft:potato":4,"minecraft:potion":183,"minecraft:oak_log":33,"minecraft:gunpowder":55,"minecraft:string":14,"minecraft:lantern":1,"minecraft:wooden_sword":2,"minecraft:bone":42,"twigs:opaline_seashell":1,"minecraft:acacia_planks":2,"minecraft:apple":2,"minecraft:sea_pickle":5,"minecraft:bucket":1,"twigs:pebble":2,"minecraft:iron_ingot":3,"dynamictrees:birch_seed":12,"minecraft:oak_boat":1,"twm:wooden_mace":1,"minecraft:iron_nugget":27,"dynamictrees:oak_seed":24,"minecraft:glass_bottle":6,"vtaw_mw:wooden_katana":1,"twigs:twig":80,"minecraft:sugar_cane":23,"minecraft:chest":1,"minecraft:oak_planks":11,"minecraft:phantom_membrane":4,"minecraft:stick":158,"minecraft:pumpkin":13,"minecraft:copper_ingot":3,"minecraft:acacia_log":4,"minecraft:sand":6,"dynamictrees:acacia_seed":4,"minecraft:spider_eye":14,"minecraft:barrel":5,"mutantmonsters:hulk_hammer":9,"minecraft:rotten_flesh":266,"minecraft:slime_ball":4,"minecraft:bread":23,"minecraft:oak_sapling":20,"twigs:tangerine_seashell":1,"minecraft:ender_pearl":6},"minecraft:crafted":{"minecraft:oak_planks":28,"minecraft:crafting_table":3,"minecraft:wooden_pickaxe":1,"vtaw_mw:wooden_katana":1,"minecraft:bucket":1,"minecraft:campfire":1,"minecraft:stick":52,"twm:wooden_mace":1,"minecraft:acacia_planks":16},"minecraft:mined":{"twigs:pebble":3,"minecraft:chest":1,"minecraft:dead_bush":6,"minecraft:campfire":3,"minecraft:oak_planks":2,"minecraft:sugar_cane":14,"minecraft:seagrass":1,"dynamictrees:oak_leaves":8,"minecraft:sea_pickle":2,"twigs:tangerine_seashell":1,"minecraft:barrel":5,"dynamictrees:birch_leaves":24,"minecraft:pumpkin":7,"minecraft:grass":3,"minecraft:sand":6,"twigs:opaline_seashell":1}},"DataVersion":3120}