{"stats":{"minecraft:broken":{"minecraft:wooden_sword":3},"minecraft:killed":{"kevin_trophy:blister_zombie":1,"minecraft:zombie":94,"minecraft:drowned":1,"mutantmonsters:mutant_zombie":2,"kevin_trophy:zombie_brute":1},"minecraft:dropped":{"minecraft:bread":4,"mutantmonsters:hulk_hammer":2,"minecraft:iron_nugget":3,"vtaw_mw:wooden_katana":1,"minecraft:copper_ingot":1,"minecraft:golden_apple":3,"minecraft:stick":26,"minecraft:wooden_axe":4,"minecraft:oak_sapling":4,"minecraft:potion":133,"minecraft:spider_eye":1,"minecraft:wooden_sword":1,"minecraft:pumpkin":2,"additionalguns:val":2,"minecraft:acacia_planks":2,"twigs:twig":7,"minecraft:bone":31},"minecraft:custom":{"minecraft:mob_kills":99,"minecraft:interact_with_crafting_table":7,"minecraft:open_barrel":15,"minecraft:leave_game":1,"minecraft:time_since_death":5223,"minecraft:time_since_rest":5252,"minecraft:sprint_one_cm":56550,"minecraft:damage_absorbed":80,"minecraft:damage_taken":986,"minecraft:walk_one_cm":112062,"minecraft:drop":74,"minecraft:damage_dealt":6944,"minecraft:swim_one_cm":53375,"minecraft:fly_one_cm":311036,"minecraft:player_kills":4,"minecraft:open_chest":9,"minecraft:crouch_one_cm":14863,"minecraft:play_time":56077,"minecraft:deaths":3,"minecraft:sneak_time":7598,"minecraft:walk_under_water_one_cm":12372,"minecraft:jump":478,"minecraft:walk_on_water_one_cm":30201,"minecraft:total_world_time":56077,"minecraft:fall_one_cm":8520},"minecraft:killed_by":{"alexsmobs:rattlesnake":1,"minecraft:drowned":1},"minecraft:used":{"additionalguns:vector":266,"alexsmobs:spawn_egg_warped_toad":9,"additionalguns:pp_19":29,"minecraft:birch_planks":38,"minecraft:birch_leaves":1,"minecraft:oak_planks":171,"minecraft:chest":2,"additionalguns:custom_mac":66,"additionalguns:fn2000":32,"minecraft:golden_apple":3,"additionalguns:ravens_claw":18,"minecraft:crafting_table":1,"additionalguns:mammoth":3,"minecraft:carrot":2,"additionalguns:akm":28,"minecraft:wooden_axe":18,"additionalguns:val":231,"additionalguns:m1911":14,"minecraft:grass_block":9,"minecraft:bread":2,"stabxmodernguns:arisaka_type99":16,"dynamictrees:acacia_seed":2,"additionalguns:m4a4":74,"minecraft:acacia_fence_gate":6,"minecraft:wooden_sword":177,"additionalguns:scar":122,"minecraft:potion":3,"minecraft:oak_boat":1,"minecraft:acacia_planks":106},"minecraft:picked_up":{"minecraft:wooden_axe":5,"minecraft:birch_log":7,"minecraft:charcoal":11,"minecraft:potato":7,"minecraft:birch_planks":2,"minecraft:potion":159,"minecraft:oak_log":7,"minecraft:gunpowder":69,"minecraft:cornflower":2,"minecraft:string":21,"minecraft:netherite_scrap":1,"minecraft:bone":93,"minecraft:acacia_planks":10,"minecraft:sea_pickle":1,"minecraft:bucket":1,"minecraft:acacia_fence_gate":1,"dynamictrees:birch_seed":4,"minecraft:oak_boat":1,"minecraft:iron_nugget":9,"dynamictrees:oak_seed":4,"twm:wooden_mace":1,"minecraft:glass_bottle":8,"vtaw_mw:wooden_katana":1,"twigs:twig":37,"minecraft:chest":1,"minecraft:oak_planks":12,"minecraft:phantom_membrane":1,"minecraft:stick":73,"minecraft:pumpkin":9,"minecraft:copper_ingot":3,"minecraft:acacia_log":8,"additionalguns:val":3,"dynamictrees:acacia_seed":2,"minecraft:carrot":1,"minecraft:spider_eye":10,"mutantmonsters:hulk_hammer":4,"minecraft:rotten_flesh":118,"minecraft:slime_ball":4,"minecraft:golden_apple":3,"minecraft:bread":49,"minecraft:oak_sapling":12,"minecraft:ender_pearl":2},"minecraft:crafted":{"minecraft:wooden_sword":3,"minecraft:crafting_table":1,"minecraft:birch_planks":28,"minecraft:stick":22,"minecraft:wooden_axe":2,"minecraft:acacia_planks":32},"minecraft:mined":{"minecraft:cornflower":1,"minecraft:campfire":1,"minecraft:tall_grass":2,"dynamictrees:oak_leaves":3,"minecraft:birch_planks":1,"minecraft:acacia_planks":9}},"DataVersion":3120}