{"stats":{"minecraft:custom":{"minecraft:interact_with_crafting_table":41,"minecraft:open_barrel":61,"minecraft:leave_game":2,"minecraft:time_since_death":56797,"minecraft:sprint_one_cm":386682,"minecraft:drop":195,"minecraft:talked_to_villager":2,"minecraft:play_time":277760,"minecraft:deaths":8,"minecraft:jump":2466,"minecraft:walk_on_water_one_cm":36354,"minecraft:interact_with_furnace":19,"minecraft:damage_dealt":25042,"minecraft:player_kills":7,"minecraft:crouch_one_cm":79883,"minecraft:interact_with_smoker":12,"minecraft:interact_with_anvil":3,"minecraft:mob_kills":311,"minecraft:interact_with_campfire":162,"minecraft:climb_one_cm":13437,"minecraft:walk_one_cm":671234,"minecraft:sneak_time":30374,"minecraft:walk_under_water_one_cm":15513,"minecraft:interact_with_blast_furnace":3,"minecraft:total_world_time":277760,"minecraft:time_since_rest":56843,"minecraft:damage_taken":4224,"minecraft:damage_absorbed":80,"minecraft:swim_one_cm":55446,"minecraft:fly_one_cm":1239034,"minecraft:open_chest":130,"minecraft:fall_one_cm":49972},"minecraft:killed":{"alexsmobs:leafcutter_ant":1,"minecraft:chicken":1,"kevin_trophy:blister_zombie":12,"minecraft:zombie":278,"alexsmobs:raccoon":1,"betteranimalsplus:butterfly":4,"minecraft:drowned":6,"betteranimalsplus:badger":1,"alexsmobs:cockroach":1,"mutantmonsters:mutant_zombie":5,"kevin_trophy:zombie_brute":2},"minecraft:used":{"minecraft:chiseled_deepslate":1,"additionalguns:pp_19":29,"graveyard:lying_wither_skeleton":1,"minecraft:chest":7,"minecraft:stone":5,"minecraft:iron_sword":400,"graveyard:white_urn":1,"additionalguns:ravens_claw":18,"additionalguns:mammoth":3,"cfm:oak_blinds":5,"minecraft:carrot":2,"minecraft:deepslate_brick_slab":2,"decorative_blocks:lattice":2,"jeg:grenade":40,"minecraft:wandering_trader_spawn_egg":1,"mutantmonsters:spider_pig_spawn_egg":12,"bakery:iron_chair":1,"minecraft:lantern":2,"minecraft:grass_block":27,"graveyard:corrupted_vindicator_spawn_egg":4,"betteranimalsplus:lammergeier_spawn_egg":1,"graveyard:torso_pile":2,"minecraft:written_book":1,"minecraft:potato":62,"dynamictrees:spruce_seed":1,"minecraft:diorite":7,"additionalguns:vector":266,"alexsmobs:spawn_egg_warped_toad":9,"minecraft:birch_leaves":1,"minecraft:stone_pickaxe":514,"minecraft:oak_planks":255,"humancompanions:arbalist_spawn_egg":2,"minecraft:ender_pearl":1,"minecraft:wooden_pickaxe":3,"minecraft:sandstone":5,"minecraft:golden_apple":3,"additionalguns:9a91":110,"minecraft:lingering_potion":1,"jeg:bolt_action_rifle":3,"stabxmodernguns:artic_warfare_magnum":3,"spelunkers_charm:marine_rock":4,"minecraft:bread":30,"stabxmodernguns:arisaka_type99":16,"dynamictrees:acacia_seed":2,"additionalguns:scar":219,"minecraft:wooden_sword":250,"minecraft:oak_boat":1,"minecraft:bone_meal":73,"minecraft:cobweb":2,"minecraft:oak_trapdoor":44,"minecraft:cracked_deepslate_bricks":1,"dynamictrees:oak_seed":21,"jeg:pump_shotgun":21,"minecraft:stone_hoe":1,"minecraft:torch":154,"minecraft:dirt":16,"mcwroofs:oak_planks_top_roof":8,"twigs:rhyolite":4,"additionalguns:akm":28,"minecraft:wooden_axe":51,"additionalguns:val":251,"minecraft:iron_axe":38,"dynamictrees:birch_seed":3,"additionalguns:g11":20,"farmersdelight:cooking_pot":1,"minecraft:acacia_planks":106,"minecraft:cobbled_deepslate":15,"minecraft:orange_terracotta":1,"sophisticatedbackpacks:gold_backpack":1,"mcwbridges:rope_oak_bridge":7,"minecraft:water_bucket":21,"jeg:combat_rifle":161,"minecraft:birch_planks":38,"minecraft:glass_bottle":59,"minecraft:baked_potato":19,"additionalguns:custom_mac":66,"magistuarmory:iron_zweihander":1,"graveyard:ossuary":1,"minecraft:cracked_stone_bricks":1,"additionalguns:fn2000":32,"minecraft:polished_deepslate_slab":1,"minecraft:oak_slab":2,"minecraft:crafting_table":3,"bakery:strawberry":1,"minecraft:campfire":39,"additionalguns:m1911":14,"additionalguns:ak12":453,"minecraft:iron_pickaxe":409,"graveyard:skeleton_creeper_spawn_egg":3,"minecraft:spruce_sapling":2,"additionalguns:m4a4":74,"minecraft:acacia_fence_gate":6,"mutantmonsters:mutant_zombie_spawn_egg":5,"minecraft:cobblestone":117,"minecraft:potion":53,"minecraft:cobbled_deepslate_slab":3,"minecraft:andesite_stairs":4,"minecraft:bucket":19,"jeg:blossom_rifle":355},"minecraft:crafted":{"minecraft:oak_planks":44,"minecraft:iron_boots":1,"mcwroofs:oak_planks_top_roof":8,"cfm:oak_blinds":2,"decorative_blocks:lattice":1,"minecraft:chest":2,"mcwbridges:rope_oak_bridge":4,"minecraft:oak_slab":6,"minecraft:crafting_table":3,"minecraft:baked_potato":24,"minecraft:iron_helmet":1,"minecraft:birch_planks":32,"minecraft:campfire":9,"minecraft:stick":74,"minecraft:iron_ingot":9,"minecraft:iron_pickaxe":2,"minecraft:andesite_stairs":4,"minecraft:wooden_sword":5,"minecraft:bone_meal":207,"bakery:iron_chair":1,"minecraft:iron_axe":1,"minecraft:stone_pickaxe":5,"minecraft:iron_sword":2,"minecraft:bucket":2,"minecraft:air":0,"minecraft:wooden_axe":2,"minecraft:iron_leggings":1,"minecraft:acacia_planks":32,"minecraft:torch":100},"minecraft:picked_up":{"minecraft:wooden_axe":5,"minecraft:chiseled_deepslate":1,"minecraft:iron_chestplate":7,"minecraft:flower_pot":5,"twigs:roseate_seashell":1,"mcwbridges:rope_oak_bridge":8,"minecraft:wither_rose":21,"minecraft:potion":436,"minecraft:brewing_stand":2,"minecraft:amethyst_block":12,"minecraft:string":103,"magistuarmory:iron_zweihander":1,"minecraft:iron_leggings":2,"minecraft:sea_pickle":5,"minecraft:cobbled_deepslate":25,"minecraft:bucket":5,"minecraft:white_tulip":1,"minecraft:acacia_fence_gate":1,"minecraft:calcite":30,"dynamictrees:oak_seed":25,"minecraft:iron_pickaxe":5,"alexsmobs:raccoon_tail":1,"minecraft:iron_boots":1,"minecraft:furnace":3,"minecraft:stick":150,"minecraft:torch":222,"minecraft:acacia_log":8,"minecraft:diorite":44,"darkerdepths:resin":1,"decorative_blocks:lattice":1,"mutantmonsters:hulk_hammer":7,"minecraft:rotten_flesh":385,"stabxmodernguns:7.62x51mm_nato":64,"farmersdelight:rope":9,"minecraft:cobblestone":729,"minecraft:birch_log":11,"minecraft:feather":1,"minecraft:andesite":30,"minecraft:water_bucket":1,"minecraft:potato":162,"minecraft:tuff":1,"minecraft:dirt":50,"minecraft:lapis_lazuli":47,"minecraft:lantern":4,"minecraft:leather_boots":1,"minecraft:bone":189,"minecraft:chipped_anvil":4,"minecraft:acacia_planks":10,"minecraft:wheat_seeds":2,"darkerdepths:amber":1,"minecraft:raw_gold":14,"minecraft:cobbled_deepslate_slab":14,"graveyard:white_urn":2,"minecraft:cyan_candle":11,"twm:wooden_mace":1,"minecraft:gray_candle":8,"vtaw_mw:wooden_katana":1,"twigs:twig":91,"minecraft:oak_planks":49,"dynamictrees:acacia_seed":2,"minecraft:fermented_spider_eye":8,"spelunkers_charm:marine_rock":4,"minecraft:barrel":6,"minecraft:mossy_cobblestone":2,"minecraft:quartz_bricks":1,"minecraft:white_candle":7,"alexsmobs:kangaroo_hide":2,"minecraft:diamond":3,"magistuarmory:leather_strip":4,"minecraft:granite":32,"minecraft:golden_apple":6,"minecraft:spruce_sign":2,"minecraft:bread":139,"minecraft:emerald":2,"minecraft:oak_sapling":12,"twigs:rhyolite":8,"sophisticatedbackpacks:gold_backpack":4,"minecraft:charcoal":29,"minecraft:crafting_table":1,"minecraft:allium":2,"minecraft:chicken":1,"graveyard:dark_iron_ingot":1,"dynamictrees:spruce_seed":1,"minecraft:wooden_pickaxe":2,"minecraft:yellow_candle":7,"minecraft:cornflower":2,"minecraft:iron_axe":3,"minecraft:netherite_scrap":2,"mcwroofs:oak_planks_top_roof":1,"minecraft:quartz_slab":2,"minecraft:iron_shovel":2,"minecraft:cracked_stone_bricks":1,"minecraft:oak_boat":1,"minecraft:iron_nugget":13,"minecraft:quartz_stairs":1,"minecraft:chest":3,"minecraft:phantom_membrane":5,"minecraft:raw_iron":211,"minecraft:polished_deepslate_slab":9,"cfm:oak_blinds":5,"minecraft:copper_ingot":3,"additionalguns:val":3,"minecraft:carrot":2,"minecraft:redstone":320,"darkerdepths:long_roots":3,"minecraft:beetroot_seeds":16,"k_turrets:raw_titanium":42,"minecraft:hay_block":18,"minecraft:cracked_deepslate_bricks":1,"minecraft:birch_planks":2,"minecraft:oak_log":65,"minecraft:gunpowder":140,"minecraft:apple":9,"minecraft:cobweb":4,"minecraft:iron_ingot":18,"dynamictrees:birch_seed":7,"minecraft:glass_bottle":95,"minecraft:iron_sword":5,"minecraft:book":2,"minecraft:oak_slab":2,"bakery:strawberry":1,"minecraft:black_candle":18,"minecraft:smooth_basalt":20,"minecraft:pumpkin":9,"minecraft:amethyst_shard":180,"minecraft:spruce_sapling":2,"minecraft:spruce_log":6,"minecraft:spider_eye":21,"minecraft:pumpkin_seeds":36,"minecraft:slime_ball":7,"graveyard:vase_block":13,"minecraft:stone_axe":1,"minecraft:iron_helmet":3,"minecraft:baked_potato":107,"minecraft:damaged_anvil":4,"spelunkers_charm:rock":3,"minecraft:coal":347,"minecraft:ender_pearl":4},"minecraft:killed_by":{"mutantmonsters:mutant_zombie":4,"minecraft:drowned":1,"alexsmobs:rattlesnake":1,"kevin_trophy:blister_zombie":1},"minecraft:dropped":{"minecraft:birch_planks":1,"minecraft:oak_log":7,"minecraft:baked_potato":30,"minecraft:glass_bottle":6,"minecraft:dirt":36,"minecraft:wooden_sword":1,"minecraft:iron_pickaxe":1,"twigs:twig":7,"minecraft:bone":33,"mutantmonsters:hulk_hammer":7,"minecraft:iron_nugget":10,"magistuarmory:iron_zweihander":1,"graveyard:dark_iron_ingot":1,"minecraft:rotten_flesh":2,"alexsmobs:kangaroo_hide":2,"minecraft:gunpowder":47,"minecraft:charcoal":7,"minecraft:beetroot_seeds":4,"minecraft:leather_boots":1,"stabxmodernguns:7.62x51mm_nato":64,"minecraft:bread":47,"twm:wooden_mace":1,"vtaw_mw:wooden_katana":1,"minecraft:iron_helmet":2,"minecraft:copper_ingot":1,"minecraft:golden_apple":3,"minecraft:stick":87,"minecraft:brewing_stand":1,"minecraft:wooden_axe":4,"minecraft:potion":213,"minecraft:iron_leggings":1,"minecraft:pumpkin":9,"minecraft:iron_axe":2,"additionalguns:val":2,"minecraft:acacia_planks":3,"minecraft:redstone":192,"twigs:rhyolite":2,"minecraft:pumpkin_seeds":9,"minecraft:sea_pickle":1,"minecraft:iron_chestplate":4,"minecraft:oak_sapling":8,"minecraft:spider_eye":1},"minecraft:broken":{"minecraft:stone_pickaxe":4,"minecraft:wooden_sword":5,"minecraft:iron_sword":1,"minecraft:wooden_axe":2,"minecraft:iron_pickaxe":1},"minecraft:mined":{"minecraft:large_amethyst_bud":3,"sophisticatedbackpacks:gold_backpack":1,"minecraft:granite":31,"minecraft:budding_amethyst":1,"spelunkers_charm:marine_diamond_ore":3,"mcwroofs:oak_planks_top_roof":1,"minecraft:iron_ore":91,"minecraft:cobbled_deepslate":4,"minecraft:barrel":3,"minecraft:deepslate_lapis_ore":8,"minecraft:polished_deepslate_slab":3,"minecraft:small_amethyst_bud":2,"minecraft:quartz_slab":1,"minecraft:black_candle":7,"graveyard:white_urn":2,"minecraft:medium_amethyst_bud":4,"minecraft:amethyst_cluster":9,"minecraft:torch":3,"minecraft:calcite":6,"minecraft:poppy":1,"minecraft:chest":1,"minecraft:white_candle":2,"minecraft:cobblestone":56,"graveyard:skeleton_hand":1,"minecraft:oak_planks":4,"minecraft:damaged_anvil":4,"minecraft:wall_torch":1,"minecraft:amethyst_block":3,"minecraft:wither_rose":17,"minecraft:grass":7,"minecraft:oak_log":2,"darkerdepths:porous_petrified_log":1,"minecraft:dirt":3,"minecraft:smooth_basalt":4,"twigs:rhyolite":3,"minecraft:cyan_candle":4,"minecraft:deepslate":13,"minecraft:gray_candle":3,"minecraft:tuff":1,"minecraft:quartz_stairs":1,"minecraft:potted_wither_rose":2,"minecraft:mossy_cobblestone":2,"darkerdepths:long_roots":1,"minecraft:cobbled_deepslate_slab":5,"minecraft:yellow_candle":2,"darkerdepths:amber":1,"graveyard:tg_stone":1,"minecraft:spruce_leaves":87,"mcwbridges:rope_oak_bridge":8,"minecraft:large_fern":1,"minecraft:hay_block":9,"dynamictrees:oak_leaves":3,"minecraft:furnace":3,"minecraft:andesite":32,"minecraft:chiseled_deepslate":1,"minecraft:potatoes":33,"minecraft:deepslate_iron_ore":30,"minecraft:vine":19,"minecraft:lantern":1,"cfm:oak_blinds":5,"minecraft:stone":373,"minecraft:potted_allium":1,"decorative_blocks:lattice":1,"minecraft:oak_slab":2,"spelunkers_charm:marine_rock":4,"minecraft:crafting_table":1,"minecraft:cornflower":1,"spelunkers_charm:rock_pile":1,"twigs:roseate_seashell":1,"minecraft:campfire":7,"twigs:petrified_lichen":1,"minecraft:quartz_bricks":1,"minecraft:tall_grass":7,"minecraft:deepslate_coal_ore":12,"minecraft:deepslate_gold_ore":1,"minecraft:cracked_deepslate_bricks":1,"minecraft:diorite":44,"minecraft:birch_planks":1,"graveyard:vase_block":3,"k_turrets:titanium_ore":43,"minecraft:coal_ore":41,"minecraft:flower_pot":1,"minecraft:cobweb":72,"minecraft:cracked_stone_bricks":1,"dynamictrees:oak_sapling":2,"minecraft:acacia_planks":9,"minecraft:chipped_anvil":4,"minecraft:fern":3}},"DataVersion":3120}