{"stats":{"minecraft:picked_up":{"minecraft:mud":4,"minecraft:charcoal":6,"minecraft:crafting_table":5,"minecraft:iron_chestplate":6,"minecraft:azure_bluet":6,"minecraft:flower_pot":1,"minecraft:potion":57,"minecraft:string":27,"minecraft:raw_copper":201,"minecraft:iron_axe":2,"minecraft:iron_leggings":7,"minecraft:netherite_scrap":1,"minecraft:iron_shovel":5,"minecraft:cobbled_deepslate":12,"twigs:pebble":52,"minecraft:beef":21,"minecraft:white_tulip":2,"minecraft:iron_nugget":2,"dynamictrees:oak_seed":14,"minecraft:iron_pickaxe":6,"minecraft:coal_block":18,"minecraft:sugar_cane":152,"minecraft:chest":9,"cfm:stripped_oak_upgraded_fence":4,"minecraft:furnace":10,"minecraft:phantom_membrane":9,"minecraft:iron_boots":5,"minecraft:golden_helmet":1,"minecraft:stick":53,"minecraft:raw_iron":144,"alexsmobs:cockroach_ootheca":1,"minecraft:copper_ingot":4,"minecraft:torch":41,"sophisticatedbackpacks:backpack":1,"farmersdelight:tomato_seeds":1,"minecraft:diorite":14,"minecraft:carrot":1,"minecraft:rotten_flesh":280,"k_turrets:raw_titanium":12,"minecraft:red_tulip":31,"minecraft:rail":11,"minecraft:cobblestone":428,"minecraft:oxeye_daisy":4,"minecraft:stripped_oak_log":1,"minecraft:birch_log":54,"minecraft:cooked_beef":5,"farmersdelight:rice":5,"minecraft:water_bucket":4,"minecraft:andesite":18,"minecraft:leather":4,"minecraft:potato":10,"minecraft:flint":16,"minecraft:oak_log":52,"jeg:scrap":6,"minecraft:gunpowder":84,"minecraft:stripped_birch_log":7,"minecraft:dirt":178,"minecraft:lantern":1,"minecraft:name_tag":1,"betteranimalsplus:pheasant_egg":1,"minecraft:bone":75,"minecraft:apple":1,"minecraft:wheat_seeds":9,"minecraft:raw_gold":1,"alexsmobs:cockroach_wing_fragment":1,"betteranimalsplus:blubber":9,"minecraft:iron_ingot":48,"dynamictrees:birch_seed":29,"minecraft:glass_bottle":20,"twigs:twig":108,"minecraft:iron_sword":5,"minecraft:oak_planks":283,"jeg:tech_trash":6,"minecraft:quartz":1,"minecraft:gravel":71,"minecraft:sand":80,"cold_sweat:waterskin":1,"sophisticatedbackpacks:iron_backpack":4,"minecraft:blast_furnace":4,"minecraft:white_bed":2,"minecraft:fermented_spider_eye":19,"minecraft:spider_eye":13,"minecraft:barrel":3,"minecraft:iron_hoe":3,"minecraft:slime_ball":6,"minecraft:slime_block":1,"minecraft:stone_axe":3,"minecraft:iron_helmet":5,"minecraft:granite":16,"minecraft:golden_apple":65,"minecraft:bread":39,"minecraft:oak_sapling":7,"minecraft:coal":124,"minecraft:ender_pearl":1},"minecraft:killed":{"betteranimalsplus:whale":1,"kevin_trophy:spitter_zombie":1,"minecraft:drowned":12,"kevin_trophy:blister_zombie":18,"minecraft:pillager":1,"kevin_trophy:crawler_zombie":1,"minecraft:zombie":177,"alexsmobs:cockroach":3,"kevin_trophy:zombie_brute":1,"minecraft:cow":6},"minecraft:crafted":{"minecraft:wooden_sword":1,"minecraft:smooth_stone":6,"minecraft:oak_planks":160,"minecraft:coal":27,"minecraft:furnace":3,"minecraft:blast_furnace":2,"minecraft:stone":6,"minecraft:glass":57,"minecraft:iron_axe":1,"minecraft:stone_pickaxe":1,"minecraft:chest":5,"minecraft:cooked_beef":7,"minecraft:coal_block":16,"minecraft:red_dye":1,"minecraft:glass_bottle":57,"minecraft:oak_slab":6,"minecraft:crafting_table":3,"minecraft:wooden_pickaxe":1,"minecraft:iron_sword":3,"minecraft:red_bed":1,"minecraft:birch_planks":68,"minecraft:stone_axe":1,"minecraft:air":0,"minecraft:potion":165,"minecraft:white_wool":6,"minecraft:stick":130,"minecraft:iron_ingot":58,"minecraft:iron_pickaxe":2,"minecraft:wooden_axe":2,"minecraft:stone_sword":1,"minecraft:iron_shovel":1,"minecraft:white_bed":2,"minecraft:torch":124},"minecraft:broken":{"minecraft:stone_sword":1,"minecraft:wooden_pickaxe":1,"minecraft:stone_axe":1,"minecraft:iron_sword":2,"minecraft:iron_pickaxe":1,"minecraft:wooden_axe":1},"minecraft:mined":{"minecraft:white_bed":2,"cfm:stripped_oak_upgraded_fence":1,"minecraft:stripped_birch_log":11,"minecraft:granite":16,"minecraft:grass_block":107,"sophisticatedbackpacks:iron_backpack":2,"twigs:twig":4,"minecraft:oxeye_daisy":2,"minecraft:spawner":3,"dynamictrees:oak_leaves":2,"minecraft:furnace":6,"minecraft:iron_ore":74,"minecraft:cobbled_deepslate":5,"minecraft:barrel":2,"minecraft:andesite":16,"minecraft:azure_bluet":1,"minecraft:red_tulip":9,"minecraft:deepslate_iron_ore":7,"minecraft:rail":2,"minecraft:stripped_oak_log":1,"minecraft:pink_tulip":1,"minecraft:stone":183,"minecraft:white_tulip":2,"minecraft:crafting_table":4,"minecraft:torch":1,"minecraft:blast_furnace":3,"minecraft:chest":7,"minecraft:copper_ore":59,"minecraft:tall_grass":1,"minecraft:cobblestone":134,"minecraft:deepslate_coal_ore":7,"minecraft:deepslate_gold_ore":1,"minecraft:sugar_cane":13,"minecraft:oak_planks":134,"minecraft:wall_torch":6,"minecraft:diorite":14,"minecraft:seagrass":1,"k_turrets:titanium_ore":4,"minecraft:grass":35,"minecraft:oak_log":34,"minecraft:coal_ore":117,"minecraft:sand":82,"minecraft:gravel":48,"minecraft:flower_pot":1,"minecraft:dirt":28,"minecraft:cobweb":13,"minecraft:oak_leaves":19,"minecraft:deepslate":7},"minecraft:killed_by":{"kevin_trophy:zombie_brute":1,"minecraft:drowned":1,"minecraft:zombie":2},"minecraft:dropped":{"minecraft:water_bucket":2,"minecraft:bread":30,"minecraft:birch_planks":28,"minecraft:wheat_seeds":1,"dynamictrees:birch_seed":6,"vtaw_mw:wooden_rod":3,"minecraft:leather":4,"jeg:scrap":3,"minecraft:golden_apple":65,"minecraft:coal":25,"minecraft:stick":29,"twigs:pebble":17,"minecraft:potion":9,"minecraft:stripped_birch_log":7,"minecraft:string":1,"minecraft:fermented_spider_eye":2,"minecraft:birch_log":10,"jeg:tech_trash":2,"twigs:twig":16,"minecraft:sugar_cane":38,"minecraft:rotten_flesh":5,"minecraft:oak_planks":19,"minecraft:iron_hoe":1,"sophisticatedbackpacks:backpack":1,"k_turrets:raw_titanium":4,"minecraft:beef":5},"minecraft:used":{"minecraft:stone_sword":131,"sophisticatedbackpacks:iron_backpack":2,"minecraft:iron_shovel":246,"minecraft:chest":12,"minecraft:iron_sword":697,"minecraft:rotten_flesh":1,"minecraft:iron_chestplate":3,"minecraft:torch":124,"minecraft:dirt":20,"minecraft:wooden_axe":50,"minecraft:lantern":2,"minecraft:iron_axe":106,"dynamictrees:birch_seed":9,"alexsmobs:cockroach_ootheca":1,"minecraft:barrel":3,"cfm:stripped_oak_upgraded_fence":2,"minecraft:furnace":7,"minecraft:egg":2,"minecraft:cooked_beef":11,"minecraft:iron_leggings":1,"minecraft:water_bucket":11,"minecraft:glass_bottle":132,"minecraft:stone_pickaxe":85,"minecraft:oak_planks":276,"minecraft:ender_pearl":1,"minecraft:wooden_pickaxe":59,"betteranimalsplus:pheasant_egg":1,"minecraft:golden_apple":3,"minecraft:rail":8,"minecraft:red_bed":1,"minecraft:oak_slab":2,"minecraft:crafting_table":7,"minecraft:blast_furnace":4,"minecraft:white_bed":3,"farmersdelight:rice":5,"minecraft:flower_pot":2,"minecraft:bread":23,"minecraft:iron_pickaxe":537,"minecraft:stone_axe":257,"twigs:twig":1,"minecraft:wooden_sword":45,"minecraft:cobblestone":233,"minecraft:potion":60,"minecraft:andesite":11,"minecraft:bucket":10,"minecraft:birch_log":7,"twigs:pebble":29,"minecraft:air":3},"minecraft:custom":{"minecraft:mob_kills":227,"minecraft:interact_with_crafting_table":47,"minecraft:open_barrel":62,"minecraft:damage_dealt_resisted":665,"minecraft:leave_game":4,"minecraft:time_since_death":9846,"minecraft:climb_one_cm":408,"minecraft:sprint_one_cm":368173,"minecraft:walk_one_cm":475808,"minecraft:drop":69,"minecraft:damage_dealt_absorbed":195,"minecraft:play_time":207264,"minecraft:sneak_time":32571,"minecraft:deaths":5,"minecraft:walk_under_water_one_cm":43591,"minecraft:jump":2538,"minecraft:interact_with_blast_furnace":19,"minecraft:walk_on_water_one_cm":16245,"minecraft:total_world_time":207264,"minecraft:interact_with_furnace":116,"minecraft:pot_flower":1,"minecraft:time_since_rest":9871,"minecraft:damage_taken":3144,"minecraft:damage_absorbed":10,"minecraft:damage_dealt":40072,"minecraft:swim_one_cm":50460,"minecraft:fly_one_cm":656620,"minecraft:open_chest":113,"minecraft:crouch_one_cm":102720,"minecraft:fall_one_cm":46085}},"DataVersion":3120}