{"stats":{"minecraft:picked_up":{"minecraft:mud":4,"minecraft:charcoal":6,"minecraft:crafting_table":5,"minecraft:iron_chestplate":6,"minecraft:azure_bluet":9,"minecraft:clay_ball":12,"minecraft:flower_pot":1,"minecraft:potion":57,"minecraft:string":28,"minecraft:raw_copper":201,"minecraft:iron_axe":2,"minecraft:iron_leggings":7,"minecraft:netherite_scrap":1,"minecraft:iron_shovel":6,"darkerdepths:dry_sprouts":1,"minecraft:cobbled_deepslate":13,"twigs:pebble":76,"minecraft:beef":21,"minecraft:white_tulip":2,"farmersdelight:straw":30,"darkerdepths:aridrock":9,"minecraft:iron_nugget":2,"dynamictrees:oak_seed":14,"minecraft:iron_pickaxe":6,"minecraft:coal_block":18,"minecraft:sugar_cane":152,"minecraft:chest":9,"cfm:stripped_oak_upgraded_fence":5,"minecraft:furnace":10,"minecraft:phantom_membrane":9,"minecraft:iron_boots":5,"minecraft:golden_helmet":1,"minecraft:stick":53,"minecraft:raw_iron":150,"alexsmobs:cockroach_ootheca":1,"minecraft:copper_ingot":4,"minecraft:torch":47,"sophisticatedbackpacks:backpack":1,"farmersdelight:tomato_seeds":1,"minecraft:diorite":17,"minecraft:carrot":1,"vtaw_mw:iron_katana":1,"darkerdepths:long_roots":3,"minecraft:rotten_flesh":341,"k_turrets:raw_titanium":12,"minecraft:red_tulip":42,"twigs:tangerine_seashell":1,"minecraft:rail":11,"minecraft:cobblestone":520,"minecraft:oxeye_daisy":4,"minecraft:stripped_oak_log":1,"minecraft:birch_log":54,"minecraft:cooked_beef":5,"farmersdelight:rice":5,"minecraft:water_bucket":4,"minecraft:andesite":18,"minecraft:leather":4,"minecraft:potato":12,"minecraft:flint":20,"minecraft:oak_log":52,"jeg:scrap":6,"minecraft:gunpowder":102,"minecraft:stripped_birch_log":7,"minecraft:dirt":179,"minecraft:lantern":1,"minecraft:light_gray_concrete_powder":49,"minecraft:name_tag":1,"betteranimalsplus:pheasant_egg":1,"minecraft:orange_tulip":1,"minecraft:bone":86,"minecraft:apple":1,"minecraft:wheat_seeds":36,"minecraft:raw_gold":5,"alexsmobs:cockroach_wing_fragment":1,"betteranimalsplus:blubber":9,"minecraft:iron_ingot":48,"dynamictrees:birch_seed":30,"minecraft:glass_bottle":20,"twigs:twig":113,"minecraft:iron_sword":6,"minecraft:oak_planks":284,"jeg:tech_trash":6,"darkerdepths:limestone":6,"minecraft:quartz":2,"minecraft:gravel":107,"minecraft:sand":166,"cold_sweat:waterskin":1,"sophisticatedbackpacks:iron_backpack":4,"minecraft:blast_furnace":4,"minecraft:white_bed":2,"minecraft:fermented_spider_eye":23,"minecraft:spider_eye":14,"minecraft:barrel":3,"minecraft:iron_hoe":3,"minecraft:light_gray_concrete":24,"minecraft:white_concrete_powder":72,"minecraft:slime_ball":8,"minecraft:slime_block":1,"minecraft:stone_axe":3,"minecraft:iron_helmet":5,"minecraft:granite":22,"minecraft:golden_apple":65,"minecraft:bread":42,"minecraft:oak_sapling":7,"minecraft:coal":138,"minecraft:ender_pearl":1},"minecraft:killed":{"betteranimalsplus:whale":1,"kevin_trophy:spitter_zombie":1,"minecraft:drowned":12,"kevin_trophy:blister_zombie":22,"minecraft:pillager":1,"kevin_trophy:crawler_zombie":2,"minecraft:zombie":218,"alexsmobs:cockroach":3,"kevin_trophy:zombie_brute":1,"minecraft:cow":6},"minecraft:crafted":{"minecraft:wooden_sword":1,"minecraft:smooth_stone":6,"minecraft:oak_planks":160,"minecraft:coal":27,"minecraft:furnace":3,"minecraft:blast_furnace":2,"minecraft:stone":6,"minecraft:bone_meal":84,"farmersdelight:rope":60,"minecraft:glass":57,"minecraft:white_concrete_powder":128,"minecraft:iron_axe":1,"minecraft:stone_pickaxe":1,"minecraft:chest":5,"minecraft:cooked_beef":9,"minecraft:coal_block":17,"minecraft:red_dye":1,"minecraft:glass_bottle":57,"minecraft:oak_slab":6,"minecraft:crafting_table":3,"farmersdelight:iron_knife":1,"minecraft:wooden_pickaxe":1,"minecraft:iron_sword":3,"minecraft:red_bed":1,"minecraft:birch_planks":68,"minecraft:stone_axe":1,"minecraft:air":0,"minecraft:potion":196,"minecraft:white_wool":6,"minecraft:white_dye":20,"minecraft:stick":134,"minecraft:iron_ingot":58,"minecraft:iron_pickaxe":3,"minecraft:wooden_axe":2,"minecraft:stone_sword":1,"minecraft:iron_shovel":1,"minecraft:white_bed":2,"minecraft:torch":124,"minecraft:clay":3},"minecraft:broken":{"minecraft:iron_shovel":1,"minecraft:stone_sword":1,"minecraft:wooden_pickaxe":1,"minecraft:iron_axe":1,"minecraft:stone_axe":1,"minecraft:iron_sword":3,"minecraft:iron_pickaxe":1,"minecraft:wooden_axe":1},"minecraft:mined":{"minecraft:white_bed":2,"cfm:stripped_oak_upgraded_fence":2,"minecraft:stripped_birch_log":11,"darkerdepths:long_roots":1,"minecraft:granite":22,"minecraft:grass_block":107,"sophisticatedbackpacks:iron_backpack":2,"twigs:twig":9,"minecraft:oxeye_daisy":2,"minecraft:white_concrete_powder":8,"minecraft:spawner":3,"dynamictrees:oak_leaves":3,"minecraft:furnace":6,"minecraft:iron_ore":80,"minecraft:cobbled_deepslate":5,"minecraft:barrel":2,"minecraft:andesite":16,"darkerdepths:arid_deepslate":1,"minecraft:azure_bluet":5,"minecraft:red_tulip":23,"minecraft:deepslate_iron_ore":7,"minecraft:rail":2,"minecraft:light_gray_concrete":24,"minecraft:stripped_oak_log":1,"minecraft:pink_tulip":1,"minecraft:stone":244,"minecraft:white_tulip":2,"darkerdepths:limestone":6,"minecraft:light_gray_concrete_powder":1,"minecraft:clay":4,"minecraft:crafting_table":4,"minecraft:torch":6,"minecraft:blast_furnace":3,"minecraft:chest":7,"minecraft:copper_ore":59,"minecraft:tall_grass":1,"minecraft:cobblestone":165,"minecraft:deepslate_coal_ore":7,"minecraft:deepslate_gold_ore":1,"minecraft:sugar_cane":13,"minecraft:oak_planks":134,"minecraft:wall_torch":7,"minecraft:diorite":17,"minecraft:seagrass":1,"twigs:tangerine_seashell":1,"minecraft:orange_tulip":1,"k_turrets:titanium_ore":4,"minecraft:grass":238,"minecraft:oak_log":34,"minecraft:coal_ore":131,"minecraft:sand":170,"minecraft:gravel":102,"minecraft:flower_pot":1,"minecraft:dirt":29,"darkerdepths:aridrock":9,"minecraft:cobweb":13,"minecraft:gold_ore":4,"minecraft:oak_leaves":19,"minecraft:deepslate":7},"minecraft:killed_by":{"kevin_trophy:zombie_brute":1,"minecraft:drowned":1,"minecraft:zombie":2},"minecraft:dropped":{"minecraft:water_bucket":2,"minecraft:bread":30,"minecraft:birch_planks":28,"minecraft:wheat_seeds":1,"dynamictrees:birch_seed":6,"vtaw_mw:wooden_rod":3,"minecraft:leather":4,"jeg:scrap":3,"minecraft:golden_apple":65,"minecraft:coal":25,"minecraft:stick":29,"twigs:pebble":17,"minecraft:potion":9,"minecraft:stripped_birch_log":7,"minecraft:string":1,"minecraft:fermented_spider_eye":2,"minecraft:birch_log":10,"jeg:tech_trash":2,"twigs:twig":16,"minecraft:sugar_cane":38,"minecraft:rotten_flesh":5,"minecraft:oak_planks":19,"minecraft:iron_hoe":2,"sophisticatedbackpacks:backpack":1,"minecraft:light_gray_concrete":8,"k_turrets:raw_titanium":4,"minecraft:beef":5,"minecraft:white_concrete_powder":64,"minecraft:light_gray_concrete_powder":48},"minecraft:used":{"vtaw_mw:iron_katana":93,"minecraft:stone_sword":131,"sophisticatedbackpacks:iron_backpack":2,"minecraft:iron_shovel":391,"minecraft:white_concrete_powder":8,"minecraft:chest":12,"minecraft:iron_sword":775,"minecraft:rotten_flesh":2,"minecraft:iron_chestplate":3,"minecraft:torch":155,"minecraft:dirt":20,"minecraft:azure_bluet":3,"farmersdelight:rope":46,"minecraft:wooden_axe":50,"minecraft:red_tulip":11,"minecraft:lantern":2,"minecraft:iron_axe":159,"dynamictrees:birch_seed":9,"alexsmobs:cockroach_ootheca":1,"minecraft:barrel":3,"cfm:stripped_oak_upgraded_fence":3,"minecraft:furnace":7,"minecraft:egg":2,"minecraft:potato":1,"minecraft:cooked_beef":11,"minecraft:cobbled_deepslate":1,"minecraft:iron_leggings":1,"farmersdelight:iron_knife":226,"minecraft:water_bucket":33,"minecraft:diorite":3,"darkerdepths:dry_sprouts":1,"minecraft:glass_bottle":149,"minecraft:stone_pickaxe":85,"minecraft:oak_planks":277,"minecraft:orange_tulip":1,"minecraft:ender_pearl":1,"minecraft:wooden_pickaxe":59,"betteranimalsplus:pheasant_egg":1,"minecraft:golden_apple":5,"minecraft:sand":1,"minecraft:rail":8,"minecraft:red_bed":1,"minecraft:oak_slab":2,"minecraft:crafting_table":7,"minecraft:blast_furnace":4,"minecraft:light_gray_concrete_powder":25,"minecraft:white_bed":3,"farmersdelight:rice":5,"minecraft:flower_pot":2,"minecraft:bread":38,"minecraft:iron_pickaxe":702,"minecraft:stone_axe":257,"twigs:twig":1,"minecraft:wooden_sword":45,"minecraft:cobblestone":265,"minecraft:potion":77,"minecraft:andesite":11,"minecraft:bucket":33,"minecraft:birch_log":7,"twigs:pebble":58,"minecraft:air":5},"minecraft:custom":{"minecraft:mob_kills":273,"minecraft:interact_with_crafting_table":57,"minecraft:open_barrel":83,"minecraft:damage_dealt_resisted":665,"minecraft:leave_game":5,"minecraft:time_since_death":55836,"minecraft:climb_one_cm":3062,"minecraft:sprint_one_cm":505912,"minecraft:walk_one_cm":609612,"minecraft:drop":73,"minecraft:damage_dealt_absorbed":195,"minecraft:play_time":253254,"minecraft:sneak_time":35036,"minecraft:deaths":5,"minecraft:walk_under_water_one_cm":45100,"minecraft:jump":3084,"minecraft:interact_with_blast_furnace":21,"minecraft:walk_on_water_one_cm":32784,"minecraft:total_world_time":253254,"minecraft:interact_with_furnace":129,"minecraft:pot_flower":1,"minecraft:time_since_rest":55861,"minecraft:damage_taken":3970,"minecraft:damage_absorbed":51,"minecraft:damage_dealt":50690,"minecraft:swim_one_cm":55958,"minecraft:fly_one_cm":765065,"minecraft:open_chest":151,"minecraft:crouch_one_cm":112283,"minecraft:fall_one_cm":59534}},"DataVersion":3120}